userId,targetId,targetType,timestamp
u48,p146,Post,2025-06-22T12:35:00
u43,p195,Post,2025-06-06T18:17:00
u25,p126,Post,2025-05-10T03:19:00
u21,p19,Post,2025-05-20T03:53:00
u48,p184,Post,2025-07-29T22:34:00
u8,p47,Post,2025-06-15T05:36:00
u20,p31,Post,2025-05-03T11:34:00
u43,p37,Post,2025-05-16T00:43:00
u16,p112,Post,2025-05-22T22:10:00
u1,p22,Post,2025-06-10T22:51:00
u38,p17,Post,2025-06-14T07:36:00
u1,p191,Post,2025-07-30T00:41:00
u45,p81,Post,2025-07-13T03:43:00
u10,p63,Post,2025-07-27T17:07:00
u16,p19,Post,2025-05-20T07:15:00
u44,p108,Post,2025-06-05T11:41:00
u4,p9,Post,2025-07-02T13:01:00
u10,p132,Post,2025-05-20T06:20:00
u9,p81,Post,2025-07-12T08:38:00
u36,p148,Post,2025-05-13T11:43:00
u29,p141,Post,2025-03-21T19:28:00
u45,p65,Post,2025-04-26T08:12:00
u17,p180,Post,2025-03-17T14:08:00
u46,p73,Post,2025-04-30T04:08:00
u35,p131,Post,2025-06-27T10:58:00
u37,p28,Post,2025-03-11T10:45:00
u21,p141,Post,2025-03-22T12:48:00
u39,p184,Post,2025-07-30T00:52:00
u11,p11,Post,2025-07-30T03:35:00
u29,p55,Post,2025-04-12T02:59:00
u35,p62,Post,2025-06-30T20:03:00
u50,p114,Post,2025-03-09T02:53:00
u47,p27,Post,2025-04-03T21:17:00
u40,p168,Post,2025-04-02T02:21:00
u16,p58,Post,2025-06-19T15:20:00
u43,p191,Post,2025-07-29T11:28:00
u13,p89,Post,2025-03-28T01:58:00
u50,p97,Post,2025-05-17T15:52:00
u19,p58,Post,2025-06-21T06:46:00
u21,p15,Post,2025-04-20T17:44:00
u43,p11,Post,2025-07-30T01:52:00
u12,p173,Post,2025-06-15T02:48:00
u7,p81,Post,2025-07-11T17:45:00
u3,p103,Post,2025-06-07T22:32:00
u43,p81,Post,2025-07-13T05:36:00
u45,p103,Post,2025-06-06T23:22:00
u24,p38,Post,2025-07-24T13:51:00
u1,p184,Post,2025-07-29T01:15:00
u42,p81,Post,2025-07-11T16:28:00
u30,p152,Post,2025-06-29T18:09:00
u24,p99,Post,2025-03-27T00:24:00
u24,p150,Post,2025-04-26T17:59:00
u40,p51,Post,2025-06-18T06:47:00
u47,p12,Post,2025-03-20T12:45:00
u5,p184,Post,2025-07-29T22:28:00
u7,p15,Post,2025-04-19T21:47:00
u35,p67,Post,2025-04-03T09:12:00
u34,p119,Post,2025-07-22T15:55:00
u41,p185,Post,2025-07-17T14:08:00
u48,p99,Post,2025-03-26T03:13:00
u44,p80,Post,2025-05-24T00:25:00
u28,p176,Post,2025-05-04T17:24:00
u12,p97,Post,2025-05-17T08:28:00
u22,p119,Post,2025-07-22T13:27:00
u39,p75,Post,2025-06-29T22:04:00
u21,p97,Post,2025-05-16T20:10:00
u24,p69,Post,2025-04-10T13:14:00
u28,p159,Post,2025-05-16T04:05:00
u39,p43,Post,2025-04-17T11:15:00
u14,p64,Post,2025-05-19T21:34:00
u48,p47,Post,2025-06-14T16:54:00
u29,p189,Post,2025-07-10T04:01:00
u47,p9,Post,2025-07-01T12:26:00
u39,p5,Post,2025-03-02T08:14:00
u20,p2,Post,2025-07-29T04:09:00
u14,p168,Post,2025-03-31T09:29:00
u50,p158,Post,2025-06-29T21:06:00
u18,p184,Post,2025-07-29T21:55:00
u36,p103,Post,2025-06-08T11:02:00
u10,p15,Post,2025-04-20T13:26:00
u23,p19,Post,2025-05-20T19:06:00
u24,p177,Post,2025-07-27T21:04:00
u15,p48,Post,2025-07-27T08:31:00
u6,p103,Post,2025-06-08T10:51:00
u14,p141,Post,2025-03-22T16:10:00
u31,p24,Post,2025-07-20T21:05:00
u39,p115,Post,2025-05-22T21:34:00
u47,p154,Post,2025-03-30T17:03:00
u6,p146,Post,2025-06-21T23:50:00
u23,p175,Post,2025-04-13T10:39:00
u27,p184,Post,2025-07-28T19:14:00
u50,p39,Post,2025-06-24T10:34:00
u50,p112,Post,2025-05-22T03:42:00
u20,p90,Post,2025-06-11T17:48:00
u35,p101,Post,2025-05-06T13:19:00
u33,p131,Post,2025-06-27T08:28:00
u4,p124,Post,2025-06-26T12:50:00
u29,p146,Post,2025-06-22T16:17:00
u33,p15,Post,2025-04-20T11:30:00
u19,p148,Post,2025-05-12T22:07:00
u9,p59,Post,2025-07-17T23:30:00
u37,p145,Post,2025-04-05T08:26:00
u26,p50,Post,2025-04-13T17:13:00
u33,p73,Post,2025-05-01T07:39:00
u9,p146,Post,2025-06-22T09:50:00
u36,p31,Post,2025-05-04T11:00:00
u42,p103,Post,2025-06-08T10:19:00
u40,p200,Post,2025-07-17T19:48:00
u16,p44,Post,2025-06-23T13:11:00
u50,p71,Post,2025-03-28T04:45:00
u37,p15,Post,2025-04-21T03:52:00
u27,p69,Post,2025-04-09T17:47:00
u13,p58,Post,2025-06-21T03:33:00
u42,p8,Post,2025-03-16T03:49:00
u11,p197,Post,2025-05-15T16:05:00
u29,p109,Post,2025-04-26T02:05:00
u3,p184,Post,2025-07-29T02:57:00
u13,p127,Post,2025-04-26T22:39:00
u49,p140,Post,2025-03-25T22:52:00
u8,p143,Post,2025-06-18T08:36:00
u40,p184,Post,2025-07-29T06:39:00
u1,p59,Post,2025-07-16T22:36:00
u20,p77,Post,2025-05-08T19:34:00
u22,p34,Post,2025-06-21T23:44:00
u14,p33,Post,2025-07-10T23:44:00
u49,p49,Post,2025-07-20T03:59:00
u40,p140,Post,2025-03-26T02:39:00
u45,p131,Post,2025-06-26T23:16:00
u25,p103,Post,2025-06-08T17:18:00
u34,p9,Post,2025-07-01T04:38:00
u4,p55,Post,2025-04-13T08:33:00
u40,p52,Post,2025-06-07T15:45:00
u42,p185,Post,2025-07-16T04:33:00
u25,p120,Post,2025-03-16T06:16:00
u43,p60,Post,2025-06-24T14:22:00
u2,p55,Post,2025-04-13T05:20:00
u25,p41,Post,2025-04-08T02:00:00
u33,p194,Post,2025-04-22T19:48:00
u21,p81,Post,2025-07-13T03:46:00
u35,p15,Post,2025-04-19T19:35:00
u33,p191,Post,2025-07-29T23:17:00
u46,p7,Post,2025-05-23T07:54:00
u34,p55,Post,2025-04-12T18:27:00
u26,p144,Post,2025-04-27T05:16:00
u23,p127,Post,2025-04-27T12:16:00
u41,p55,Post,2025-04-12T19:14:00
u18,p155,Post,2025-07-27T07:44:00
u17,p174,Post,2025-07-20T22:01:00
u36,p186,Post,2025-03-13T03:24:00
u10,p59,Post,2025-07-17T17:50:00
u43,p17,Post,2025-06-14T17:06:00
u34,p189,Post,2025-07-11T21:49:00
u41,p128,Post,2025-05-24T07:30:00
u16,p103,Post,2025-06-08T01:07:00
u20,p183,Post,2025-04-11T13:29:00
u29,p95,Post,2025-03-04T04:07:00
u42,p17,Post,2025-06-15T03:58:00
u44,p152,Post,2025-06-29T23:26:00
u20,p128,Post,2025-05-24T14:46:00
u9,p71,Post,2025-03-26T15:55:00
u42,p184,Post,2025-07-28T21:48:00
u21,p11,Post,2025-07-31T05:24:00
u47,p17,Post,2025-06-14T12:41:00
u10,p139,Post,2025-06-05T06:46:00
u27,p189,Post,2025-07-11T00:43:00
u29,p145,Post,2025-04-05T14:29:00
u48,p53,Post,2025-03-19T08:50:00
u7,p17,Post,2025-06-13T16:48:00
u49,p196,Post,2025-07-04T00:08:00
u18,p104,Post,2025-04-28T13:49:00
u15,p103,Post,2025-06-07T11:46:00
u44,p8,Post,2025-03-15T12:26:00
u45,p146,Post,2025-06-21T10:10:00
u33,p165,Post,2025-04-08T03:01:00
u46,p117,Post,2025-06-24T19:34:00
u25,p81,Post,2025-07-11T20:24:00
u11,p30,Post,2025-04-11T07:13:00
u27,p146,Post,2025-06-21T02:02:00
u18,p186,Post,2025-03-13T03:12:00
u48,p123,Post,2025-04-07T07:51:00
u49,p33,Post,2025-07-10T00:06:00
u29,p171,Post,2025-04-28T12:27:00
u45,p59,Post,2025-07-17T22:15:00
u16,p70,Post,2025-07-12T14:52:00
u39,p142,Post,2025-06-06T21:59:00
u47,p55,Post,2025-04-13T02:45:00
u48,p103,Post,2025-06-08T08:37:00
u34,p115,Post,2025-05-22T21:38:00
u34,p15,Post,2025-04-20T13:12:00
u3,p174,Post,2025-07-21T12:47:00
u34,p93,Post,2025-05-31T13:41:00
u36,p68,Post,2025-03-16T03:04:00
u4,p29,Post,2025-04-25T03:01:00
u26,p176,Post,2025-05-05T01:32:00
u30,p22,Post,2025-06-11T00:06:00
u34,p182,Post,2025-06-09T02:39:00
u42,p77,Post,2025-05-10T04:11:00
u8,p26,Post,2025-07-05T23:58:00
u45,p96,Post,2025-06-19T00:51:00
u27,p58,Post,2025-06-19T12:43:00
u12,p78,Post,2025-07-29T02:48:00
u30,p15,Post,2025-04-20T04:08:00
u45,p117,Post,2025-06-24T18:12:00
u46,p141,Post,2025-03-22T00:14:00
u8,p133,Post,2025-04-09T02:18:00
u24,p15,Post,2025-04-20T08:14:00
u47,p149,Post,2025-07-03T21:56:00
u40,p186,Post,2025-03-13T13:52:00
u36,p66,Post,2025-04-28T22:40:00
u22,p101,Post,2025-05-07T12:02:00
u10,p21,Post,2025-03-21T22:53:00
u12,p146,Post,2025-06-21T04:31:00
u27,p55,Post,2025-04-12T15:28:00
u19,p110,Post,2025-07-20T14:02:00
u9,p189,Post,2025-07-10T04:15:00
u40,p146,Post,2025-06-21T01:51:00
u30,p82,Post,2025-07-04T13:03:00
u35,p154,Post,2025-03-31T08:31:00
u32,p42,Post,2025-07-27T22:12:00
u29,p15,Post,2025-04-20T22:59:00
u1,p44,Post,2025-06-24T08:22:00
u18,p108,Post,2025-06-05T07:04:00
u14,p9,Post,2025-07-01T03:08:00
u4,p118,Post,2025-05-05T13:31:00
u10,p167,Post,2025-05-22T17:33:00
u37,p163,Post,2025-05-16T05:23:00
u22,p184,Post,2025-07-28T14:21:00
u7,p69,Post,2025-04-09T06:11:00
u11,p123,Post,2025-04-08T11:44:00
u43,p129,Post,2025-07-24T13:37:00
u37,p148,Post,2025-05-13T00:07:00
u30,p146,Post,2025-06-22T01:36:00
u3,p15,Post,2025-04-20T02:26:00
u21,p62,Post,2025-07-01T21:53:00
u5,p146,Post,2025-06-22T14:35:00
u5,p55,Post,2025-04-11T18:12:00
u8,p130,Post,2025-07-27T07:45:00
u22,p90,Post,2025-06-12T07:49:00
u14,p130,Post,2025-07-28T06:47:00
u4,p15,Post,2025-04-21T00:57:00
u34,p197,Post,2025-05-15T07:02:00
u47,p128,Post,2025-05-23T22:37:00
u28,p105,Post,2025-03-12T22:37:00
u17,p90,Post,2025-06-12T14:33:00
u23,p184,Post,2025-07-30T04:57:00
u37,p81,Post,2025-07-13T06:09:00
u32,p81,Post,2025-07-11T23:17:00
u40,p41,Post,2025-04-07T19:50:00
u13,p1,Post,2025-04-24T21:39:00
u30,p110,Post,2025-07-20T14:04:00
u48,p165,Post,2025-04-08T13:01:00
u23,p100,Post,2025-06-17T00:32:00
u14,p4,Post,2025-03-04T10:45:00
u45,p55,Post,2025-04-11T13:38:00
u20,p55,Post,2025-04-12T22:33:00
u21,p146,Post,2025-06-21T08:47:00
u44,p59,Post,2025-07-17T18:03:00
u47,p102,Post,2025-06-02T04:00:00
u12,p30,Post,2025-04-12T04:05:00
u44,p81,Post,2025-07-12T19:24:00
u3,p116,Post,2025-07-15T17:53:00
u10,p110,Post,2025-07-21T18:40:00
u22,p81,Post,2025-07-12T15:16:00
u48,p9,Post,2025-07-02T04:35:00
u20,p101,Post,2025-05-07T13:18:00
u21,p99,Post,2025-03-25T21:17:00
u14,p103,Post,2025-06-07T18:39:00
u23,p11,Post,2025-07-30T03:12:00
u18,p163,Post,2025-05-16T08:10:00
u25,p110,Post,2025-07-20T17:20:00
u37,p104,Post,2025-04-27T08:48:00
u39,p16,Post,2025-07-20T00:03:00
u46,p168,Post,2025-03-31T10:10:00
u18,p69,Post,2025-04-10T03:56:00
u16,p63,Post,2025-07-28T07:40:00
u14,p90,Post,2025-06-11T07:57:00
u8,p64,Post,2025-05-18T10:34:00
u50,p32,Post,2025-04-28T13:20:00
u29,p84,Post,2025-05-16T00:57:00
u33,p18,Post,2025-05-14T12:14:00
u31,p141,Post,2025-03-23T05:45:00
u20,p146,Post,2025-06-21T10:47:00
u50,p172,Post,2025-04-05T06:15:00
u44,p198,Post,2025-04-02T08:01:00
u46,p170,Post,2025-05-29T05:55:00
u1,p55,Post,2025-04-11T12:01:00
u44,p165,Post,2025-04-07T00:57:00
u7,p88,Post,2025-04-10T12:00:00
u48,p55,Post,2025-04-13T00:26:00
u49,p55,Post,2025-04-11T23:20:00
u21,p32,Post,2025-04-29T02:34:00
u18,p92,Post,2025-03-28T02:07:00
u11,p53,Post,2025-03-18T21:03:00
u40,p100,Post,2025-06-15T12:00:00
u14,p95,Post,2025-03-05T03:31:00
u21,p52,Post,2025-06-07T03:21:00
u37,p44,Post,2025-06-22T23:52:00
u20,p106,Post,2025-06-04T20:08:00
u35,p75,Post,2025-06-29T06:53:00
u2,p81,Post,2025-07-13T09:07:00
u6,p70,Post,2025-07-13T00:14:00
u46,p103,Post,2025-06-08T12:28:00
u41,p162,Post,2025-05-10T01:45:00
u29,p107,Post,2025-06-14T05:20:00
u22,p157,Post,2025-07-29T20:48:00
u35,p14,Post,2025-03-16T04:48:00
u37,p17,Post,2025-06-15T14:42:00
u44,p115,Post,2025-05-24T02:47:00
u31,p41,Post,2025-04-07T15:17:00
u10,p169,Post,2025-04-02T22:07:00
u17,p184,Post,2025-07-29T13:46:00
u12,p131,Post,2025-06-28T19:25:00
u22,p148,Post,2025-05-13T10:11:00
u30,p81,Post,2025-07-11T15:28:00
u31,p15,Post,2025-04-20T14:41:00
u30,p165,Post,2025-04-07T14:17:00
u50,p59,Post,2025-07-18T06:14:00
u9,p85,Post,2025-05-11T16:42:00
u46,p151,Post,2025-03-09T08:15:00
u36,p117,Post,2025-06-25T03:38:00
u35,p80,Post,2025-05-23T19:19:00
u27,p43,Post,2025-04-16T14:39:00
u36,p20,Post,2025-03-20T05:56:00
u25,p11,Post,2025-07-30T07:13:00
u45,p42,Post,2025-07-28T03:15:00
u43,p14,Post,2025-03-16T12:12:00
u32,p16,Post,2025-07-20T19:42:00
u30,p59,Post,2025-07-16T21:40:00
u29,p25,Post,2025-03-31T06:43:00
u5,p103,Post,2025-06-08T18:48:00
u39,p146,Post,2025-06-22T02:53:00
u38,p181,Post,2025-04-05T06:26:00
u1,p146,Post,2025-06-22T22:07:00
u10,p78,Post,2025-07-29T08:54:00
u25,p107,Post,2025-06-14T14:32:00
u13,p33,Post,2025-07-10T09:37:00
u20,p103,Post,2025-06-08T18:24:00
u20,p184,Post,2025-07-29T16:41:00
u46,p195,Post,2025-06-06T09:31:00
u33,p69,Post,2025-04-09T02:43:00
u19,p10,Post,2025-05-21T01:29:00
u4,p1,Post,2025-04-26T10:14:00
u23,p15,Post,2025-04-20T01:16:00
u2,p42,Post,2025-07-28T05:57:00
u38,p69,Post,2025-04-09T15:44:00
u46,p67,Post,2025-04-03T22:03:00
u28,p96,Post,2025-06-19T19:14:00
u12,p81,Post,2025-07-11T23:51:00
u36,p67,Post,2025-04-03T20:36:00
u27,p18,Post,2025-05-15T10:45:00
u9,p17,Post,2025-06-13T19:54:00
u42,p5,Post,2025-03-03T08:14:00
u43,p73,Post,2025-04-29T17:17:00
u6,p17,Post,2025-06-14T19:24:00
u30,p179,Post,2025-07-20T08:29:00
u36,p157,Post,2025-07-29T01:16:00
u23,p39,Post,2025-06-23T19:00:00
u39,p3,Post,2025-04-12T07:01:00
u47,p42,Post,2025-07-27T16:16:00
u37,p62,Post,2025-06-30T22:36:00
u8,p103,Post,2025-06-08T19:09:00
u49,p146,Post,2025-06-22T08:45:00
u34,p14,Post,2025-03-16T14:39:00
u6,p45,Post,2025-05-05T15:04:00
u48,p121,Post,2025-05-31T14:40:00
u5,p127,Post,2025-04-28T00:49:00
u38,p55,Post,2025-04-11T12:37:00
u22,p93,Post,2025-05-31T11:45:00
u31,p78,Post,2025-07-29T21:02:00
u37,p141,Post,2025-03-22T22:45:00
u23,p189,Post,2025-07-11T00:07:00
u19,p22,Post,2025-06-12T03:27:00
u17,p9,Post,2025-07-02T01:19:00
u38,p23,Post,2025-07-16T09:32:00
u43,p198,Post,2025-04-03T12:38:00
u9,p84,Post,2025-05-15T10:59:00
u17,p17,Post,2025-06-14T10:11:00
u18,p168,Post,2025-03-31T08:59:00
u48,p15,Post,2025-04-19T17:56:00
u38,p143,Post,2025-06-19T13:00:00
u29,p63,Post,2025-07-27T22:59:00
u17,p146,Post,2025-06-21T17:08:00
u32,p26,Post,2025-07-05T20:01:00
u3,p59,Post,2025-07-16T20:46:00
u10,p103,Post,2025-06-07T06:32:00
u32,p146,Post,2025-06-22T05:12:00
u50,p67,Post,2025-04-04T17:07:00
u29,p139,Post,2025-06-04T20:26:00
u4,p115,Post,2025-05-23T02:56:00
u4,p22,Post,2025-06-11T07:14:00
u31,p55,Post,2025-04-12T21:22:00
u15,p66,Post,2025-04-29T13:38:00
u31,p50,Post,2025-04-14T02:13:00
u28,p4,Post,2025-03-05T03:39:00
u25,p125,Post,2025-04-10T17:12:00
u44,p188,Post,2025-04-06T12:39:00
u35,p113,Post,2025-06-24T16:29:00
u22,p52,Post,2025-06-06T14:43:00
u17,p118,Post,2025-05-06T13:43:00
u47,p123,Post,2025-04-07T07:19:00
u34,c173,Comment,2025-07-28T11:24:00
u45,c93,Comment,2025-07-02T11:47:00
u36,c6,Comment,2025-06-21T17:25:00
u1,c35,Comment,2025-03-22T06:51:00
u27,c51,Comment,2025-03-10T00:23:00
u7,c229,Comment,2025-06-15T06:23:00
u15,c146,Comment,2025-07-27T06:07:00
u13,c18,Comment,2025-06-14T10:59:00
u40,c48,Comment,2025-04-04T10:42:00
u39,c112,Comment,2025-03-06T06:53:00
u41,c63,Comment,2025-06-13T23:28:00
u6,c67,Comment,2025-07-18T10:23:00
u43,c290,Comment,2025-05-14T19:45:00
u8,c95,Comment,2025-05-06T12:51:00
u19,c240,Comment,2025-07-02T22:41:00
u5,c233,Comment,2025-06-21T21:35:00
u50,c219,Comment,2025-05-18T03:20:00
u43,c166,Comment,2025-05-15T06:27:00
u11,c38,Comment,2025-07-30T04:27:00
u50,c32,Comment,2025-07-01T08:10:00
u25,c171,Comment,2025-04-09T09:26:00
u17,c136,Comment,2025-04-20T07:14:00
u29,c36,Comment,2025-04-08T09:29:00
u13,c202,Comment,2025-06-15T01:24:00
u42,c252,Comment,2025-06-16T20:02:00
u10,c277,Comment,2025-06-23T02:30:00
u14,c55,Comment,2025-03-28T21:33:00
u46,c133,Comment,2025-04-04T09:13:00
u3,c38,Comment,2025-07-29T14:20:00
u37,c129,Comment,2025-06-28T05:50:00
u2,c255,Comment,2025-04-20T17:15:00
u42,c1,Comment,2025-07-19T06:36:00
u43,c200,Comment,2025-05-15T03:54:00
u10,c169,Comment,2025-07-30T08:56:00
u37,c2,Comment,2025-07-22T07:31:00
u46,c252,Comment,2025-06-17T21:16:00
u28,c207,Comment,2025-07-01T14:45:00
u35,c116,Comment,2025-07-01T05:40:00
u25,c247,Comment,2025-03-21T02:30:00
u37,c275,Comment,2025-04-21T03:28:00
u22,c156,Comment,2025-07-02T07:40:00
u4,c47,Comment,2025-04-11T00:25:00
u35,c175,Comment,2025-07-30T15:48:00
u30,c149,Comment,2025-07-27T00:33:00
u13,c91,Comment,2025-04-21T11:31:00
u3,c197,Comment,2025-05-20T05:36:00
u13,c154,Comment,2025-07-20T22:06:00
u25,c55,Comment,2025-03-29T10:28:00
u45,c184,Comment,2025-06-17T10:30:00
u6,c225,Comment,2025-07-20T14:27:00
u9,c19,Comment,2025-06-26T17:47:00
u2,c123,Comment,2025-07-05T10:32:00
u25,c33,Comment,2025-06-19T05:29:00
u42,c158,Comment,2025-05-15T11:26:00
u35,c231,Comment,2025-06-07T08:08:00
u3,c174,Comment,2025-07-29T04:44:00
u22,c22,Comment,2025-06-15T04:34:00
u8,c109,Comment,2025-07-27T23:58:00
u43,c268,Comment,2025-04-09T02:33:00
u44,c275,Comment,2025-04-20T13:08:00
u48,c297,Comment,2025-06-20T18:18:00
u5,c19,Comment,2025-06-26T14:16:00
u32,c10,Comment,2025-05-17T22:16:00
u40,c24,Comment,2025-07-30T00:58:00
u45,c67,Comment,2025-07-17T09:42:00
u12,c26,Comment,2025-07-12T15:41:00
u7,c234,Comment,2025-07-19T07:42:00
u11,c33,Comment,2025-06-17T23:50:00
u8,c255,Comment,2025-04-21T23:43:00
u40,c113,Comment,2025-07-27T09:20:00
u13,c219,Comment,2025-05-17T03:06:00
u48,c206,Comment,2025-05-04T12:59:00
u8,c295,Comment,2025-04-09T16:05:00
u9,c165,Comment,2025-06-14T20:54:00
u49,c24,Comment,2025-07-31T00:53:00
u12,c172,Comment,2025-07-09T09:40:00
u8,c141,Comment,2025-03-31T08:53:00
u49,c213,Comment,2025-05-09T13:02:00
u45,c190,Comment,2025-06-22T21:02:00
u11,c225,Comment,2025-07-20T18:08:00
u38,c21,Comment,2025-06-07T06:47:00
u7,c193,Comment,2025-07-01T08:56:00
u2,c250,Comment,2025-06-14T09:41:00
u1,c4,Comment,2025-05-23T00:02:00
u6,c146,Comment,2025-07-27T17:20:00
u45,c244,Comment,2025-05-22T10:11:00
u9,c106,Comment,2025-04-27T13:52:00
u41,c139,Comment,2025-07-06T00:40:00
u29,c211,Comment,2025-05-22T10:59:00
u12,c20,Comment,2025-07-30T07:35:00
u12,c256,Comment,2025-06-16T14:33:00
u6,c155,Comment,2025-07-18T11:42:00
u27,c3,Comment,2025-07-13T05:40:00
u16,c99,Comment,2025-05-24T02:09:00
u34,c49,Comment,2025-04-02T11:49:00
u24,c277,Comment,2025-06-23T07:42:00
u15,c238,Comment,2025-07-03T03:13:00
u43,c107,Comment,2025-07-29T19:29:00
u4,c100,Comment,2025-03-28T15:09:00
u10,c243,Comment,2025-07-19T13:44:00
u12,c82,Comment,2025-07-19T08:18:00
u3,c28,Comment,2025-06-02T13:33:00
u24,c146,Comment,2025-07-27T03:14:00
u28,c129,Comment,2025-06-27T22:13:00
u40,c233,Comment,2025-06-21T05:40:00
u7,c27,Comment,2025-07-05T18:58:00
u12,c81,Comment,2025-04-11T20:23:00
u32,c264,Comment,2025-06-22T22:21:00
u5,c121,Comment,2025-03-23T19:02:00
u38,c297,Comment,2025-06-21T00:39:00
u27,c102,Comment,2025-05-06T16:14:00
u21,c118,Comment,2025-05-16T09:03:00
u21,c117,Comment,2025-06-30T19:05:00
u16,c212,Comment,2025-07-21T12:51:00
u25,c113,Comment,2025-07-27T10:03:00
u31,c300,Comment,2025-07-28T17:06:00
u4,c224,Comment,2025-05-15T23:31:00
u14,c233,Comment,2025-06-21T14:52:00
u25,c192,Comment,2025-06-08T02:31:00
u30,c100,Comment,2025-03-30T02:36:00
u23,c139,Comment,2025-07-05T02:46:00
u22,c66,Comment,2025-07-03T07:20:00
u45,c292,Comment,2025-04-03T01:15:00
u18,c70,Comment,2025-04-20T13:23:00
u30,c235,Comment,2025-05-07T15:28:00
u11,c176,Comment,2025-05-09T01:32:00
u19,c81,Comment,2025-04-13T13:57:00
u40,c88,Comment,2025-05-21T19:00:00
u36,c118,Comment,2025-05-16T07:26:00
u27,c268,Comment,2025-04-09T04:39:00
u14,c243,Comment,2025-07-19T11:22:00
u18,c8,Comment,2025-04-13T04:05:00
u48,c127,Comment,2025-04-20T14:17:00
u21,c223,Comment,2025-03-27T11:35:00
u15,c77,Comment,2025-04-06T10:51:00
u1,c214,Comment,2025-06-05T18:29:00
u3,c241,Comment,2025-06-23T14:17:00
u3,c218,Comment,2025-04-21T16:52:00
u26,c246,Comment,2025-04-15T23:16:00
u7,c232,Comment,2025-03-16T19:17:00
u16,c43,Comment,2025-07-02T07:28:00
u49,c7,Comment,2025-04-14T03:54:00
u47,c209,Comment,2025-05-14T23:00:00
u9,c184,Comment,2025-06-16T21:29:00
u16,c47,Comment,2025-04-10T00:34:00
u31,c157,Comment,2025-04-13T10:40:00
u46,c236,Comment,2025-03-31T23:48:00
u48,c299,Comment,2025-05-07T01:33:00
u30,c238,Comment,2025-07-01T17:55:00
u46,c208,Comment,2025-04-07T11:44:00
u24,c238,Comment,2025-07-03T03:42:00
u1,c37,Comment,2025-07-31T00:27:00
u45,c171,Comment,2025-04-10T17:34:00
u3,c152,Comment,2025-05-06T03:55:00
u49,c139,Comment,2025-07-06T12:37:00
u40,c278,Comment,2025-04-16T07:21:00
u14,c42,Comment,2025-04-28T09:08:00
u22,c29,Comment,2025-06-06T15:14:00
u44,c187,Comment,2025-07-19T12:50:00
u8,c197,Comment,2025-05-19T09:27:00
u30,c21,Comment,2025-06-07T22:38:00
u24,c90,Comment,2025-04-10T23:45:00
u36,c35,Comment,2025-03-23T20:19:00
u46,c105,Comment,2025-07-27T13:52:00
u22,c123,Comment,2025-07-05T13:59:00
u8,c245,Comment,2025-04-06T16:13:00
u45,c108,Comment,2025-03-09T10:46:00
u21,c181,Comment,2025-07-30T03:22:00
u33,c217,Comment,2025-04-28T15:51:00
u4,c33,Comment,2025-06-18T18:02:00
u23,c232,Comment,2025-03-16T18:40:00
u33,c270,Comment,2025-04-10T21:24:00
u31,c273,Comment,2025-04-29T20:05:00
u35,c150,Comment,2025-06-24T20:54:00
u40,c189,Comment,2025-07-23T00:09:00
u45,c34,Comment,2025-04-02T16:55:00
u30,c45,Comment,2025-07-11T18:05:00
u26,c92,Comment,2025-06-19T09:23:00
u5,c56,Comment,2025-05-20T14:06:00
u18,c58,Comment,2025-06-22T20:35:00
u10,c255,Comment,2025-04-20T17:22:00
u14,c267,Comment,2025-03-18T13:37:00
u2,c151,Comment,2025-07-17T23:09:00
u44,c278,Comment,2025-04-15T01:05:00
u31,c178,Comment,2025-07-12T00:53:00
u29,c11,Comment,2025-06-12T09:57:00
u13,c33,Comment,2025-06-17T18:05:00
u15,c267,Comment,2025-03-18T14:48:00
u22,c211,Comment,2025-05-23T10:10:00
u22,c168,Comment,2025-06-08T19:32:00
u38,c272,Comment,2025-06-15T18:20:00
u29,c235,Comment,2025-05-07T07:40:00
u37,c68,Comment,2025-07-23T23:05:00
u11,c134,Comment,2025-04-09T10:30:00
u31,c191,Comment,2025-04-10T01:00:00
u50,c25,Comment,2025-04-29T15:03:00
u23,c146,Comment,2025-07-27T20:03:00
u11,c83,Comment,2025-05-17T20:04:00
u19,c94,Comment,2025-04-25T22:36:00
u46,c79,Comment,2025-06-04T16:17:00
