userId,postId,timestamp
u13,p15,2025-04-19T06:00:00
u31,p17,2025-06-17T15:00:00
u3,p11,2025-07-29T17:00:00
u49,p15,2025-04-20T06:00:00
u39,p33,2025-07-12T12:00:00
u12,p123,2025-04-06T18:00:00
u6,p17,2025-06-17T15:00:00
u38,p59,2025-07-18T15:00:00
u33,p146,2025-06-24T01:00:00
u33,p103,2025-06-07T20:00:00
u38,p146,2025-06-24T01:00:00
u46,p29,2025-04-27T21:00:00
u11,p181,2025-04-03T11:00:00
u47,p15,2025-04-22T06:00:00
u33,p166,2025-07-31T01:00:00
u24,p131,2025-06-28T22:00:00
u29,p124,2025-06-26T10:00:00
u12,p162,2025-05-14T02:00:00
u28,p36,2025-05-23T21:00:00
u27,p15,2025-04-24T06:00:00
u8,p81,2025-07-13T11:00:00
u32,p146,2025-06-25T01:00:00
u36,p138,2025-03-28T10:00:00
u21,p81,2025-07-17T11:00:00
u19,p79,2025-06-18T22:00:00
u44,p194,2025-04-29T13:00:00
u15,p98,2025-07-10T09:00:00
u28,p28,2025-03-11T11:00:00
u31,p184,2025-08-02T11:00:00
u12,p4,2025-03-10T21:00:00
u44,p15,2025-04-26T06:00:00
u34,p119,2025-07-22T01:00:00
u8,p17,2025-06-19T15:00:00
u45,p103,2025-06-07T20:00:00
u48,p184,2025-07-30T11:00:00
u5,p61,2025-05-30T08:00:00
u22,p32,2025-05-04T07:00:00
u8,p41,2025-04-13T00:00:00
u47,p82,2025-07-07T03:00:00
u49,p148,2025-05-18T12:00:00
u23,p81,2025-07-17T11:00:00
u32,p86,2025-07-18T15:00:00
u50,p78,2025-07-29T13:00:00
u17,p81,2025-07-14T11:00:00
u41,p184,2025-07-28T11:00:00
u7,p142,2025-06-06T20:00:00
u32,p125,2025-04-11T05:00:00
u25,p104,2025-05-01T20:00:00
u10,p55,2025-04-12T09:00:00
u49,p14,2025-03-21T21:00:00
u30,p32,2025-05-05T07:00:00
u32,p84,2025-05-19T16:00:00
u35,p96,2025-06-17T22:00:00
u28,p175,2025-04-13T05:00:00
u25,p77,2025-05-14T18:00:00
u29,p80,2025-05-22T03:00:00
u12,p99,2025-03-29T20:00:00
u46,p21,2025-03-27T13:00:00
u9,p55,2025-04-17T09:00:00
u43,p98,2025-07-13T09:00:00
u31,p101,2025-05-07T15:00:00
u33,p9,2025-07-04T17:00:00
u32,p103,2025-06-12T20:00:00
u40,p125,2025-04-13T05:00:00
u21,p9,2025-06-30T17:00:00
u9,p162,2025-05-13T02:00:00
u48,p103,2025-06-11T20:00:00
u25,p15,2025-04-24T06:00:00
u23,p69,2025-04-08T18:00:00
u43,p44,2025-06-25T19:00:00
u42,p55,2025-04-12T09:00:00
u45,p10,2025-05-23T12:00:00
u8,p59,2025-07-16T15:00:00
u35,p59,2025-07-23T15:00:00
u43,p170,2025-06-03T22:00:00
u18,p6,2025-07-15T19:00:00
u38,p7,2025-05-27T15:00:00
u25,p103,2025-06-11T20:00:00
u37,p15,2025-04-26T06:00:00
u7,p129,2025-07-25T21:00:00
u22,p82,2025-07-08T03:00:00
u11,p107,2025-06-18T08:00:00
u28,p32,2025-04-29T07:00:00
u35,p36,2025-05-24T21:00:00
u4,p55,2025-04-17T09:00:00
u15,p110,2025-07-21T06:00:00
u46,p164,2025-06-21T08:00:00
u37,p152,2025-07-06T14:00:00
u28,p34,2025-06-21T11:00:00
u42,p158,2025-07-01T22:00:00
u28,p121,2025-06-03T17:00:00
u13,p69,2025-04-12T18:00:00
u40,p87,2025-05-03T18:00:00
u2,p111,2025-04-05T17:00:00
u37,p82,2025-07-10T03:00:00
u18,p184,2025-08-03T11:00:00
u37,p139,2025-06-04T09:00:00
u34,p32,2025-05-05T07:00:00
u10,p43,2025-04-19T22:00:00
u28,p69,2025-04-09T18:00:00
